,Bx,By,Bz
0,0,43.11697229630114,43.07743028547548
