,Bx,By,Bz
0,0,43.20712672696485,43.1889650258026
