,Bx,By,Bz
0,0,43.208899546274026,43.16545493794778
