,Bx,By,Bz
0,0,43.49226712876669,43.48829842612838
