,Bx,By,Bz
0,0,43.344788614088316,43.333969354306795
