,Bx,By,Bz
0,0,43.419199670191986,43.419199670191986
