,Bx,By,Bz
0,0,43.44980782466132,43.46515040811431
