,Bx,By,Bz
0,0,43.5244368142771,43.5244368142771
