,Bx,By,Bz
0,0,42.8676696357523,42.89495774563719
