,Bx,By,Bz
0,0,43.19189970353237,43.19067839244945
