,SIMX,SIMY,SIMZ,PWM_X+,PWM_X-,PWM_Y+,PWM_Y-,PWM_Z+,PWM_Z-
0,0,0,0,0,59.89199999999999,0,20.327999999999996,0,66.07200000000002
