,Bx,By,Bz
0,0,43.467598277337565,43.39830526645021
