,Bx,By,Bz
0,0,43.545787396716115,43.51655317232743
