,SIMX,SIMY,SIMZ,PWM_X+,PWM_X-,PWM_Y+,PWM_Y-,PWM_Z+,PWM_Z-
0,0,0,0,0,59.40599999999999,0,19.403999999999993,0,66.03000000000004
