,SIMX,SIMY,SIMZ,PWM_X+,PWM_X-,PWM_Y+,PWM_Y-,PWM_Z+,PWM_Z-
0,0,0,0,0,55.98000000000002,0,13.757999999999996,0,70.14599999999999
