,SIMX,SIMY,SIMZ,PWM_X+,PWM_X-,PWM_Y+,PWM_Y-,PWM_Z+,PWM_Z-
0,0,0,0,0,62.135999999999996,19.301999999999992,0,0,68.268
