,SIMX,SIMY,SIMZ,PWM_X+,PWM_X-,PWM_Y+,PWM_Y-,PWM_Z+,PWM_Z-
0,0,0,0,0,74.36399999999999,0,62.471999999999994,0,83.30399999999999
